{
  "loja": {
    "nome": "Loja Professor Clementino Brito",
    "subtitulo": "App Ágape • Consumo & Pagamento",
    "pix_chave": "comissao.agape@gmail.com",
    "tesoureiro_whatsapp": "5547992204527",
    "logo": "logo-Clementino-Brito.jpeg"
  },
  "sessao": {
    "status": "fechada",
    "data": "01/02/2026",
    "caixa_inicial": 500
  },
  "irmaos": [
    {
      "nome": "Edson Do Carmo",
      "cim": "825955",
      "telefone": "48992204527"
    },
    {
      "nome": "Edson Paulo",
      "cim": "825956",
      "telefone": "48992204532"
    },
    {
      "nome": "Edmar Pernes Da Silva",
      "cim": "825957",
      "telefone": "48992204537"
    },
    {
      "nome": "George Peterson Ramos",
      "cim": "825958",
      "telefone": "48992204542"
    },
    {
      "nome": "Gilberto A. Espindola",
      "cim": "825959",
      "telefone": "48992204547"
    },
    {
      "nome": "Helder Souza",
      "cim": "825960",
      "telefone": "48992204552"
    },
    {
      "nome": "Iloir Adur",
      "cim": "825961",
      "telefone": "48992204557"
    },
    {
      "nome": "Israel F. Souza",
      "cim": "825962",
      "telefone": "48992204562"
    },
    {
      "nome": "Izureno G. De Castro Filho",
      "cim": "825963",
      "telefone": "48992204567"
    },
    {
      "nome": "Jadir Dos Santos Cruz",
      "cim": "825964",
      "telefone": "48992204572"
    },
    {
      "nome": "Jardel De Souza Kowalski",
      "cim": "825965",
      "telefone": "48992204577"
    },
    {
      "nome": "Jose Silvio Da Fonseca",
      "cim": "825966",
      "telefone": "48992204582"
    },
    {
      "nome": "Luiz Fernando Pereira",
      "cim": "825967",
      "telefone": "48992204587"
    },
    {
      "nome": "Luiz Marlon Rodrigues",
      "cim": "825968",
      "telefone": "48992204592"
    },
    {
      "nome": "Manoel Candido Da Luz",
      "cim": "825969",
      "telefone": "48992204597"
    },
    {
      "nome": "Mario Benedet",
      "cim": "825970",
      "telefone": "48992204602"
    },
    {
      "nome": "Mauricio Medina",
      "cim": "825971",
      "telefone": "48992204607"
    },
    {
      "nome": "Mauricio Eufrasio",
      "cim": "825972",
      "telefone": "48992204612"
    },
    {
      "nome": "Mauro Dutra",
      "cim": "825973",
      "telefone": "48992204617"
    },
    {
      "nome": "Mauro Dutra Jr.",
      "cim": "825974",
      "telefone": "48992204622"
    },
    {
      "nome": "Michel Celio S. Pinheiro",
      "cim": "825975",
      "telefone": "48992204627"
    },
    {
      "nome": "Nicholas T. Kruel",
      "cim": "825976",
      "telefone": "48992204632"
    },
    {
      "nome": "Orlando Mantovani",
      "cim": "825977",
      "telefone": "48992204637"
    },
    {
      "nome": "Paulo Sergio De Souza",
      "cim": "825978",
      "telefone": "48992204642"
    },
    {
      "nome": "Pedro Antonio De Melo",
      "cim": "825979",
      "telefone": "48992204647"
    },
    {
      "nome": "Rafael Ramos",
      "cim": "825980",
      "telefone": "48992204652"
    },
    {
      "nome": "Sandro Murilo Goedert",
      "cim": "825981",
      "telefone": "48992204657"
    },
    {
      "nome": "Sebastiao Jorge",
      "cim": "825982",
      "telefone": "48992204662"
    },
    {
      "nome": "Silvio Luis Fernandes",
      "cim": "825983",
      "telefone": "48992204667"
    },
    {
      "nome": "Vagner M. De Oliveira",
      "cim": "825984",
      "telefone": "48992204672"
    },
    {
      "nome": "Vilson Silva Alves",
      "cim": "825985",
      "telefone": "48992204677"
    }
  ],
  "produtos": [
    {
      "categoria": "jantar",
      "nome": "Jantar",
      "descricao": "Jantar",
      "preco": 36.0
    },
    {
      "categoria": "cerveja",
      "nome": "Cerveja",
      "descricao": "Cerveja Heineken 600ml",
      "preco": 9.5
    },
    {
      "categoria": "cerveja",
      "nome": "Cerveja",
      "descricao": "Cerveja Heineken 0 longneck",
      "preco": 7.0
    },
    {
      "categoria": "cerveja",
      "nome": "Cerveja",
      "descricao": "Cerveja Original 600ml",
      "preco": 9.0
    },
    {
      "categoria": "cerveja",
      "nome": "Cerveja",
      "descricao": "Cerveja Stella Artois sem glúten longneck",
      "preco": 7.0
    },
    {
      "categoria": "refri",
      "nome": "Refrigerante",
      "descricao": "Refrigerante Coca-Cola 1,5L",
      "preco": 8.5
    },
    {
      "categoria": "refri",
      "nome": "Refrigerante",
      "descricao": "Refrigerante Coca-Cola Zero 1,5L",
      "preco": 8.5
    },
    {
      "categoria": "refri",
      "nome": "Refrigerante",
      "descricao": "Refrigerante Pureza 2L",
      "preco": 7.0
    },
    {
      "categoria": "agura",
      "nome": "Água",
      "descricao": "Água",
      "preco": 2.0
    },
    {
      "categoria": "carvao",
      "nome": "Carvão",
      "descricao": "Carvão 7kg",
      "preco": 25.0
    }
  ]
}